Workbook

Sheet Kurs kartochkasi
A1: General English: A2 → B1 — kurs kartochkasi
A3: Kurs nomi | B3: General English: A2 → B1
A4: Qisqa tavsif (sayt uchun) | B4: Umumiy ingliz tili: A2 (Elementary) darajasidan B1 (Intermediate) darajasigacha. 6 ta modul, 36 ta dars, 3 ta yakuniy mock test. Grammatika o'zbek tilida tushuntiriladi, har darsda lug'at, talaffuz va amaliy ko'nikma (reading, listening, writing yoki speaking).
A5: Davomiyligi | B5: 12 hafta, haftasiga 3 ta dars (36 dars)
A6: Kimlar uchun | B6: Ingliz tilini asosiy darajada biladigan (A2) o'quvchilar, maktab o'quvchilari va kattalar; IELTS / CEFR / SAT ga tayyorlanishdan oldingi bosqich
A7: Natija | B7: Kirish va chiqish testlari solishtiriladi; kurs 100% tugatilganda sertifikat. Eslatma: B1 ga to'liq yetish uchun darslardan tashqari muntazam mashq (kuniga 20–30 daqiqa) kerak.
A8: Daraja va format | B8: CEFR A2 → B1. Har bir dars: video (10–15 min) + konspekt + dars testi. Modul oxirida 30 savollik modul testi. Mock: 60 savol (Grammar & Vocabulary 30, Reading 15, Listening 15), 70 min + Writing (120–150 so'z).
A9: Yo'nalishlar ulushi | B9: ="Grammar "&COUNTIF(Darslar!$F$2:$F$37,"Grammar")&" dars"&" · "&"Vocabulary "&COUNTIF(Darslar!$F$2:$F$37,"Vocabulary")&" dars"&" · "&"Reading & Listening "&COUNTIF(Darslar!$F$2:$F$37,"Reading & Listening")&" dars"&" · "&"Writing & Speaking "&COUNTIF(Darslar!$F$2:$F$37,"Writing & Speaking")&" dars"&" · "&"Kirish / Takrorlash "&COUNTIF(Darslar!$F$2:$F$37,"Kirish / Takrorlash")&" dars" -> Grammar 18 dars · Vocabulary 4 dars · Reading & Listening 3 dars · Writing & Speaking 6 dars · Kirish / Takrorlash 5 dars
A10: Manba | B10: Council of Europe — CEFR Companion Volume (2020), coe.int/lang-cefr; grammatika tartibi: British Council & EAQUALS, Core Inventory for General English (2010)

Sheet Modullar
A1: Modul | B1: Modul nomi | C1: CEFR daraja | D1: Darslar soni | E1: Haftalar | F1: Modul oxirida
A2: M0 | B2: Kirish: darajani aniqlash va o'rganish usuli | C2: — | D2: =COUNTIF(Darslar!$B$2:$B$37,A2) -> 2 | E2: =IF(_xlfn.MINIFS(Darslar!$C$2:$C$37,Darslar!$B$2:$B$37,A2)=_xlfn.MAXIFS(Darslar!$C$2:$C$37,Darslar!$B$2:$B$37,A2),_xlfn.MINIFS(Darslar!$C$2:$C$37,Darslar!$B$2:$B$37,A2)&"",_xlfn.MINIFS(Darslar!$C$2:$C$37,Darslar!$B$2:$B$37,A2)&"–"&_xlfn.MAXIFS(Darslar!$C$2:$C$37,Darslar!$B$2:$B$37,A2)) -> 1 | F2: Diagnostik test
A3: M1 | B3: People & Daily Life (odamlar va kundalik hayot) | C3: A2 | D3: =COUNTIF(Darslar!$B$2:$B$37,A3) -> 8 | E3: =IF(_xlfn.MINIFS(Darslar!$C$2:$C$37,Darslar!$B$2:$B$37,A3)=_xlfn.MAXIFS(Darslar!$C$2:$C$37,Darslar!$B$2:$B$37,A3),_xlfn.MINIFS(Darslar!$C$2:$C$37,Darslar!$B$2:$B$37,A3)&"",_xlfn.MINIFS(Darslar!$C$2:$C$37,Darslar!$B$2:$B$37,A3)&"–"&_xlfn.MAXIFS(Darslar!$C$2:$C$37,Darslar!$B$2:$B$37,A3)) -> 1–4 | F3: Modul testi (30 savol)
A4: M2 | B4: Past & Experiences (o'tmish va tajriba) | C4: A2+ | D4: =COUNTIF(Darslar!$B$2:$B$37,A4) -> 8 | E4: =IF(_xlfn.MINIFS(Darslar!$C$2:$C$37,Darslar!$B$2:$B$37,A4)=_xlfn.MAXIFS(Darslar!$C$2:$C$37,Darslar!$B$2:$B$37,A4),_xlfn.MINIFS(Darslar!$C$2:$C$37,Darslar!$B$2:$B$37,A4)&"",_xlfn.MINIFS(Darslar!$C$2:$C$37,Darslar!$B$2:$B$37,A4)&"–"&_xlfn.MAXIFS(Darslar!$C$2:$C$37,Darslar!$B$2:$B$37,A4)) -> 4–6 | F4: Modul testi (30 savol)
A5: M3 | B5: Future, Plans & Work (kelajak, rejalar, ish) | C5: B1− | D5: =COUNTIF(Darslar!$B$2:$B$37,A5) -> 8 | E5: =IF(_xlfn.MINIFS(Darslar!$C$2:$C$37,Darslar!$B$2:$B$37,A5)=_xlfn.MAXIFS(Darslar!$C$2:$C$37,Darslar!$B$2:$B$37,A5),_xlfn.MINIFS(Darslar!$C$2:$C$37,Darslar!$B$2:$B$37,A5)&"",_xlfn.MINIFS(Darslar!$C$2:$C$37,Darslar!$B$2:$B$37,A5)&"–"&_xlfn.MAXIFS(Darslar!$C$2:$C$37,Darslar!$B$2:$B$37,A5)) -> 7–9 | F5: Modul testi (30 savol)
A6: M4 | B6: Rules, Advice & Conditions (qoidalar, maslahat, shartlar) | C6: B1 | D6: =COUNTIF(Darslar!$B$2:$B$37,A6) -> 7 | E6: =IF(_xlfn.MINIFS(Darslar!$C$2:$C$37,Darslar!$B$2:$B$37,A6)=_xlfn.MAXIFS(Darslar!$C$2:$C$37,Darslar!$B$2:$B$37,A6),_xlfn.MINIFS(Darslar!$C$2:$C$37,Darslar!$B$2:$B$37,A6)&"",_xlfn.MINIFS(Darslar!$C$2:$C$37,Darslar!$B$2:$B$37,A6)&"–"&_xlfn.MAXIFS(Darslar!$C$2:$C$37,Darslar!$B$2:$B$37,A6)) -> 9–11 | F6: Modul testi (30 savol)
A7: M5 | B7: Takrorlash va yakuniy testlar | C7: B1 | D7: =COUNTIF(Darslar!$B$2:$B$37,A7) -> 3 | E7: =IF(_xlfn.MINIFS(Darslar!$C$2:$C$37,Darslar!$B$2:$B$37,A7)=_xlfn.MAXIFS(Darslar!$C$2:$C$37,Darslar!$B$2:$B$37,A7),_xlfn.MINIFS(Darslar!$C$2:$C$37,Darslar!$B$2:$B$37,A7)&"",_xlfn.MINIFS(Darslar!$C$2:$C$37,Darslar!$B$2:$B$37,A7)&"–"&_xlfn.MAXIFS(Darslar!$C$2:$C$37,Darslar!$B$2:$B$37,A7)) -> 12 | F7: Mock testlar
A8: Jami | D8: =SUM(D2:D7) -> 36

Sheet Darslar
A1: Dars № | B1: Modul | C1: Hafta | D1: Dars nomi (sayt uchun) | E1: Savollar bazasidagi mavzu | F1: Yo'nalish | G1: Inglizcha kalit so'zlar | H1: Darsda nima o'rgatiladi | I1: CEFR | J1: Video | K1: Mashq (platforma) | L1: Dars testi
A2: 1 | B2: M0 | C2: 1 | D2: Kursga kirish va darajani aniqlash testi | E2: English — Diagnostika | F2: Kirish / Takrorlash | G2: level, placement test, CEFR, skill, grammar, vocabulary | H2: CEFR darajalari (A1–C2) va 4 ko'nikma; diagnostik test; natijadan shaxsiy o'rganish rejasi | I2: A2–B1 | J2: 10–15 min | K2: Xatolar ustida ishlash | L2: Diagnostik: 40 savol, 30 min
A3: 2 | B3: M0 | C3: 1 | D3: Qanday o'rganamiz: lug'at daftari, talaffuz va takrorlash | E3: English — Diagnostika | F3: Kirish / Takrorlash | G3: vocabulary notebook, collocation, word stress, phonetic symbols, review | H3: So'zni kollokatsiya va misol bilan yozish, IPA belgilari asoslari, interval takrorlash tizimi | I3: A2 | J3: 10–15 min | K3: Xatolar ustida ishlash | L3: 10 savol, 15 min
A4: 3 | B4: M1 | C4: 1 | D4: Present Simple: kundalik hayot va odatlar | E4: Present Simple | F4: Grammar | G4: always, usually, often, sometimes, never, every day, does / doesn't | H4: Tasdiq, inkor, so'roq; 3-shaxs -s; chastota ravishlarining gapdagi o'rni | I4: A2 | J4: 10–15 min | K4: Xatolar ustida ishlash | L4: 10 savol, 15 min
A5: 4 | B5: M1 | C5: 2 | D5: Present Continuous va Present Simple farqi | E5: Present Continuous | F5: Grammar | G5: now, at the moment, currently, these days, state verbs (like, know, want) | H5: Hozirgi jarayon va odat; holat fe'llari Continuous'da ishlatilmasligi | I5: A2 | J5: 10–15 min | K5: Xatolar ustida ishlash | L5: 10 savol, 15 min
A6: 5 | B6: M1 | C6: 2 | D6: Lug'at: oila, tashqi ko'rinish va xarakter | E6: Vocabulary — People and family | F6: Vocabulary | G6: relatives, tall, curly hair, friendly, generous, look like, be like | H6: Odamni tasvirlash; «What does she look like?» va «What is she like?» farqi | I6: A2 | J6: 10–15 min | K6: Xatolar ustida ishlash | L6: 10 savol, 15 min
A7: 6 | B7: M1 | C7: 2 | D7: Savol tuzish: so'roq so'zlar va yordamchi fe'llar | E7: Questions and question words | F7: Grammar | G7: who, what, where, how often, how long, subject questions | H7: Savol so'z tartibi (QASI), subject va object savollar, qisqa javoblar | I7: A2 | J7: 10–15 min | K7: Xatolar ustida ishlash | L7: 10 savol, 15 min
A8: 7 | B8: M1 | C8: 3 | D8: Otlar, artikllar va miqdor so'zlari | E8: Articles and quantifiers | F8: Grammar | G8: a / an, the, zero article, some, any, much, many, a lot of, countable | H8: Sanaladigan / sanalmaydigan otlar; a/an/the qoidalari; some/any, much/many | I8: A2 | J8: 10–15 min | K8: Xatolar ustida ishlash | L8: 10 savol, 15 min
A9: 8 | B9: M1 | C9: 3 | D9: Reading: qisqa matndan asosiy fikr va detallarni topish | E9: Reading — Main idea and details | F9: Reading & Listening | G9: skim, scan, main idea, detail, true / false / not given | H9: Skimming va scanning; asosiy fikr va detalni farqlash; True / False / Not Given | I9: A2 | J9: 10–15 min | K9: Xatolar ustida ishlash | L9: 10 savol, 15 min
A10: 9 | B10: M1 | C10: 3 | D10: Speaking: o'zini tanishtirish va small talk | E10: Functional language — Introductions | F10: Writing & Speaking | G10: Nice to meet you, What do you do?, How about you?, follow-up question | H10: Tanishuv iboralari, suhbatni davom ettirish uchun qo'shimcha savollar, intonatsiya | I10: A2 | J10: 10–15 min | K10: Audio javob (o'qituvchi tekshiradi) | L10: 10 savol + 1 daqiqalik audio javob
A11: 10 | B11: M1 | C11: 4 | D11: Writing: do'stga email + M1 modul testi | E11: Writing — Informal email | F11: Writing & Speaking | G11: Hi …, Thanks for …, Guess what!, Hope to hear from you, and / but / because / so | H11: Norasmiy email tuzilmasi va bog'lovchilar; modul testi | I11: A2 | J11: 10–15 min | K11: Yozma ish (o'qituvchi tekshiradi) | L11: 10 savol + yozma ish (80–120 so'z)
A12: 11 | B12: M2 | C12: 4 | D12: Past Simple: to'g'ri va noto'g'ri fe'llar | E12: Past Simple | F12: Grammar | G12: yesterday, last week, ago, -ed, went, saw, did / didn't | H12: -ed talaffuzi (/t/ /d/ /ɪd/), 50 ta asosiy noto'g'ri fe'l, inkor va so'roq | I12: A2 | J12: 10–15 min | K12: Xatolar ustida ishlash | L12: 10 savol, 15 min
A13: 12 | B13: M2 | C13: 4 | D13: Past Continuous va Past Simple: voqeani hikoya qilish | E13: Past Continuous | F13: Grammar | G13: while, when, was / were + -ing, suddenly, at that moment | H13: Fon jarayoni va to'satdan yuz bergan voqea; when / while bilan gaplar | I13: A2+ | J13: 10–15 min | K13: Xatolar ustida ishlash | L13: 10 savol, 15 min
... A37: 36 | B37: M5 | C37: 12 | D37: Yakuniy Mock 3, Writing/Speaking baholash va natija tahlili | E37: English — Mock testlar | F37: Kirish / Takrorlash | G37: score report, band, feedback, accuracy, fluency, progress | H37: Yakuniy mock, Writing va Speaking baholash mezonlari, diagnostika bilan solishtirish, sertifikat | I37: B1 | J37: 10–15 min | K37: Xatolar ustida ishlash | L37: Mock: 60 savol, 70 min + Writing

Sheet Savollar bazasi
A1: Mavzu (platformadagi nom — aynan shunday) | B1: Yo'nalish | C1: Darslar soni | D1: Maqsad: savollar | E1: Yozilgan savollar | F1: Holat
A2: English — Diagnostika | B2: Kirish / Takrorlash | C2: =COUNTIF(Darslar!$E$2:$E$37,A2) -> 2 | D2: 40 | F2: =IF(E2="","Boshlanmagan",IF(E2>=D2,"Tayyor","Jarayonda")) -> Boshlanmagan
A3: Present Simple | B3: Grammar | C3: =COUNTIF(Darslar!$E$2:$E$37,A3) -> 1 | D3: 60 | F3: =IF(E3="","Boshlanmagan",IF(E3>=D3,"Tayyor","Jarayonda")) -> Boshlanmagan
A4: Present Continuous | B4: Grammar | C4: =COUNTIF(Darslar!$E$2:$E$37,A4) -> 1 | D4: 60 | F4: =IF(E4="","Boshlanmagan",IF(E4>=D4,"Tayyor","Jarayonda")) -> Boshlanmagan
A5: Vocabulary — People and family | B5: Vocabulary | C5: =COUNTIF(Darslar!$E$2:$E$37,A5) -> 1 | D5: 50 | F5: =IF(E5="","Boshlanmagan",IF(E5>=D5,"Tayyor","Jarayonda")) -> Boshlanmagan
A6: Questions and question words | B6: Grammar | C6: =COUNTIF(Darslar!$E$2:$E$37,A6) -> 1 | D6: 60 | F6: =IF(E6="","Boshlanmagan",IF(E6>=D6,"Tayyor","Jarayonda")) -> Boshlanmagan
A7: Articles and quantifiers | B7: Grammar | C7: =COUNTIF(Darslar!$E$2:$E$37,A7) -> 1 | D7: 60 | F7: =IF(E7="","Boshlanmagan",IF(E7>=D7,"Tayyor","Jarayonda")) -> Boshlanmagan
A8: Reading — Main idea and details | B8: Reading & Listening | C8: =COUNTIF(Darslar!$E$2:$E$37,A8) -> 1 | D8: 40 | F8: =IF(E8="","Boshlanmagan",IF(E8>=D8,"Tayyor","Jarayonda")) -> Boshlanmagan
A9: Functional language — Introductions | B9: Writing & Speaking | C9: =COUNTIF(Darslar!$E$2:$E$37,A9) -> 1 | D9: 30 | F9: =IF(E9="","Boshlanmagan",IF(E9>=D9,"Tayyor","Jarayonda")) -> Boshlanmagan
A10: Writing — Informal email | B10: Writing & Speaking | C10: =COUNTIF(Darslar!$E$2:$E$37,A10) -> 1 | D10: 30 | F10: =IF(E10="","Boshlanmagan",IF(E10>=D10,"Tayyor","Jarayonda")) -> Boshlanmagan
A11: Past Simple | B11: Grammar | C11: =COUNTIF(Darslar!$E$2:$E$37,A11) -> 1 | D11: 60 | F11: =IF(E11="","Boshlanmagan",IF(E11>=D11,"Tayyor","Jarayonda")) -> Boshlanmagan
A12: Past Continuous | B12: Grammar | C12: =COUNTIF(Darslar!$E$2:$E$37,A12) -> 1 | D12: 60 | F12: =IF(E12="","Boshlanmagan",IF(E12>=D12,"Tayyor","Jarayonda")) -> Boshlanmagan
A13: Used to | B13: Grammar | C13: =COUNTIF(Darslar!$E$2:$E$37,A13) -> 1 | D13: 60 | F13: =IF(E13="","Boshlanmagan",IF(E13>=D13,"Tayyor","Jarayonda")) -> Boshlanmagan
... A34: English — Mock testlar | B34: Kirish / Takrorlash | C34: =COUNTIF(Darslar!$E$2:$E$37,A34) -> 3 | D34: 180 | F34: =IF(E34="","Boshlanmagan",IF(E34>=D34,"Tayyor","Jarayonda")) -> Boshlanmagan
A35: Jami | C35: =SUM(C2:C34) -> 36 | D35: =SUM(D2:D34) -> 1800 | E35: =SUM(E2:E34) -> 0
A36: Sariq katakka yozilgan savollar sonini kiriting — «Holat» o'zi yangilanadi. Maqsad: Grammar mavzulariga 60 tadan, Vocabulary — 50, Reading & Listening — 40, Writing & Speaking — 30 (test qismi); diagnostika — 40; mock uchun 3 ta to'liq variant (3 × 60).

Sheet Platformaga kiritish
B1: Saytda kursni shu tartibda yarating
B2: 1. Kurs: «General English: A2 → B1» (fan: Ingliz tili). Tavsifni «Kurs kartochkasi» varag'idan oling.
B3: 2. Kurs ichida 6 ta modul (bo'lim) oching: M0 … M5 — nomlari «Modullar» varag'ida.
B4: 3. Har bir modulga «Darslar» varag'idagi darslarni tartib raqami bo'yicha qo'shing (jami 36 ta). Dars nomi — «Dars nomi (sayt uchun)» ustuni.
B5: 4. Har bir darsga: video (10–15 min) + konspekt (inglizcha kalit so'zlar va o'zbekcha tushuntirish bilan) + dars testi.
B6: 5. Dars testini «Avtomatik tuzish» bilan yarating: mavzu — «Savollar bazasidagi mavzu» ustunidagi nom, 10 ta savol, qiyinlik 1–5 aralash.
B7: 6. Writing va Speaking darslarida testga qo'shimcha topshiriq qo'shing: yozma ish (80–120 so'z) yoki 1 daqiqalik audio javob — o'qituvchi tekshiradi.
B8: 7. Modul oxirida modul testi (30 savol, shu modul mavzularidan). M0 da diagnostik test (40 savol), M5 da 3 ta to'liq mock (60 savol, 70 min + Writing).
B9: 8. Savollarni platforma namunasi (savollar-namuna.xlsx) bo'yicha yuklang: «Mavzu» ustuniga «Savollar bazasi» varag'idagi nomni aynan yozing — aks holda test avtomatik tuzilmaydi.
B10: Nega aynan shu tartib
B11: • Avval Present tenses va savol tuzish: kundalik muloqotning poydevori, keyingi barcha zamonlar shularga tayanadi.
B12: • Keyin o'tmish (Past Simple → Past Continuous → Present Perfect): hikoya qilish va tajriba haqida gapirish A2+ darajaning asosiy talabi.
... B15: • M5 — takrorlash va 3 ta mock: diagnostika bilan solishtirib, o'sish o'lchanadi.
